quality,ID
0.149688,00000.stimsim
0.149589,00001.stimsim
0.149622,00002.stimsim
0.149688,00003.stimsim
0.149721,00004.stimsim
